"Field1","Field2_Text","Field2_Link","Field3_Text"
"The Green Skyscraper","Ken Yeang","https://onlinelibrary.wiley.com/action/doSearch?field1=Keyword&text1=Ken%20Yeang","The Green Skyscraper"
"The Green Skyscraper","Ken Yeang","https://onlinelibrary.wiley.com/action/doSearch?field1=Keyword&text1=Ken%20Yeang","Ken Yeang"
"The Green Skyscraper","Ken Yeang","https://onlinelibrary.wiley.com/action/doSearch?field1=Keyword&text1=Ken%20Yeang","Aaron Betsky"
"The Green Skyscraper","Ken Yeang","https://onlinelibrary.wiley.com/action/doSearch?field1=Keyword&text1=Ken%20Yeang","The Technology of Ecological Building"
"The Green Skyscraper","Ken Yeang","https://onlinelibrary.wiley.com/action/doSearch?field1=Keyword&text1=Ken%20Yeang","Klaus Daniels"
"The Green Skyscraper","Ken Yeang","https://onlinelibrary.wiley.com/action/doSearch?field1=Keyword&text1=Ken%20Yeang","state‐of‐the‐art materials and technologies"
"The Green Skyscraper","Ken Yeang","https://onlinelibrary.wiley.com/action/doSearch?field1=Keyword&text1=Ken%20Yeang","Michael Lauring"
"The Green Skyscraper","Ken Yeang","https://onlinelibrary.wiley.com/action/doSearch?field1=Keyword&text1=Ken%20Yeang","Nordic Journal of Architectural Research"
"The Green Skyscraper","Ken Yeang","https://onlinelibrary.wiley.com/action/doSearch?field1=Keyword&text1=Ken%20Yeang","Janine Benyus"
"The Green Skyscraper","Ken Yeang","https://onlinelibrary.wiley.com/action/doSearch?field1=Keyword&text1=Ken%20Yeang","Kevin Kelly"
"The Green Skyscraper","Ken Yeang","https://onlinelibrary.wiley.com/action/doSearch?field1=Keyword&text1=Ken%20Yeang","Out of Control"
"The Green Skyscraper","Ken Yeang","https://onlinelibrary.wiley.com/action/doSearch?field1=Keyword&text1=Ken%20Yeang","Simos Yannas"
"The Green Skyscraper","Ken Yeang","https://onlinelibrary.wiley.com/action/doSearch?field1=Keyword&text1=Ken%20Yeang","HOK/Vanderweil, Process Zero: Retrofit Resolution (GSA building retrofit for Metropolis magazine's ‘Get the Feds to Zero’ competition), 2011"
"The Green Skyscraper","Ken Yeang","https://onlinelibrary.wiley.com/action/doSearch?field1=Keyword&text1=Ken%20Yeang","Transsolar Klimaengineering, Glasshouse Prototypes, Gardens by the Bay, Singapore, 2011"
"The Green Skyscraper","Ken Yeang","https://onlinelibrary.wiley.com/action/doSearch?field1=Keyword&text1=Ken%20Yeang","Meredith Davey"
"The Green Skyscraper","Ken Yeang","https://onlinelibrary.wiley.com/action/doSearch?field1=Keyword&text1=Ken%20Yeang","Atelier Ten"
"The Green Skyscraper","Ken Yeang","https://onlinelibrary.wiley.com/action/doSearch?field1=Keyword&text1=Ken%20Yeang","Wilkinson Eyre"
"The Green Skyscraper","Ken Yeang","https://onlinelibrary.wiley.com/action/doSearch?field1=Keyword&text1=Ken%20Yeang","National Parks Board of Singapore"
"The Green Skyscraper","Ken Yeang","https://onlinelibrary.wiley.com/action/doSearch?field1=Keyword&text1=Ken%20Yeang","Specialist Modelling Group at Foster + Partners"
"The Green Skyscraper","Ken Yeang","https://onlinelibrary.wiley.com/action/doSearch?field1=Keyword&text1=Ken%20Yeang","Aedas R&D"
"The Green Skyscraper","Ken Yeang","https://onlinelibrary.wiley.com/action/doSearch?field1=Keyword&text1=Ken%20Yeang","Nikken Sekkei Research Institute"
"The Green Skyscraper","Ken Yeang","https://onlinelibrary.wiley.com/action/doSearch?field1=Keyword&text1=Ken%20Yeang","GXN at 3XN"
"The Green Skyscraper","Ken Yeang","https://onlinelibrary.wiley.com/action/doSearch?field1=Keyword&text1=Ken%20Yeang","Perkins + Will Canada"
"The Green Skyscraper","Ken Yeang","https://onlinelibrary.wiley.com/action/doSearch?field1=Keyword&text1=Ken%20Yeang","thermal energy studies"
"The Green Skyscraper","Ken Yeang","https://onlinelibrary.wiley.com/action/doSearch?field1=Keyword&text1=Ken%20Yeang","Masdar City, Abu Dhabi"
"The Green Skyscraper","Ken Yeang","https://onlinelibrary.wiley.com/action/doSearch?field1=Keyword&text1=Ken%20Yeang","2012Architecten"
"The Green Skyscraper","Ken Yeang","https://onlinelibrary.wiley.com/action/doSearch?field1=Keyword&text1=Ken%20Yeang","10 Design"
"The Green Skyscraper","Ken Yeang","https://onlinelibrary.wiley.com/action/doSearch?field1=Keyword&text1=Ken%20Yeang","Autodesk Research"
"The Green Skyscraper","Ken Yeang","https://onlinelibrary.wiley.com/action/doSearch?field1=Keyword&text1=Ken%20Yeang","BNIM"
"The Green Skyscraper","Ken Yeang","https://onlinelibrary.wiley.com/action/doSearch?field1=Keyword&text1=Ken%20Yeang","LEED"
"The Green Skyscraper","Ken Yeang","https://onlinelibrary.wiley.com/action/doSearch?field1=Keyword&text1=Ken%20Yeang","Living Buildings"
"The Green Skyscraper","Ken Yeang","https://onlinelibrary.wiley.com/action/doSearch?field1=Keyword&text1=Ken%20Yeang","Laura Lesniewski"
"The Green Skyscraper","Ken Yeang","https://onlinelibrary.wiley.com/action/doSearch?field1=Keyword&text1=Ken%20Yeang","Omega Center"
"The Green Skyscraper","Ken Yeang","https://onlinelibrary.wiley.com/action/doSearch?field1=Keyword&text1=Ken%20Yeang","Tall Building Simulation, 2009"
"The Green Skyscraper","Ken Yeang","https://onlinelibrary.wiley.com/action/doSearch?field1=Keyword&text1=Ken%20Yeang","Arup"
"The Green Skyscraper","Ken Yeang","https://onlinelibrary.wiley.com/action/doSearch?field1=Keyword&text1=Ken%20Yeang","Rau Architects"
"The Green Skyscraper","Ken Yeang","https://onlinelibrary.wiley.com/action/doSearch?field1=Keyword&text1=Ken%20Yeang","Turntoo initiative"
"The Green Skyscraper","Ken Yeang","https://onlinelibrary.wiley.com/action/doSearch?field1=Keyword&text1=Ken%20Yeang","Philips"
"The Green Skyscraper","Ken Yeang","https://onlinelibrary.wiley.com/action/doSearch?field1=Keyword&text1=Ken%20Yeang","Hugh Whitehead"
"The Green Skyscraper","Ken Yeang","https://onlinelibrary.wiley.com/action/doSearch?field1=Keyword&text1=Ken%20Yeang","Irene Gallou"
,"Herzog & de Meuron, Forum La Caixa, Madrid, 2008","https://onlinelibrary.wiley.com/action/doSearch?field1=Keyword&text1=Herzog%20&%20de%20Meuron,%20Forum%20La%20Caixa,%20Madrid,%202008","FAO, Ravensbourne, London 2010"
,"Herzog & de Meuron, Forum La Caixa, Madrid, 2008","https://onlinelibrary.wiley.com/action/doSearch?field1=Keyword&text1=Herzog%20&%20de%20Meuron,%20Forum%20La%20Caixa,%20Madrid,%202008","Herzog & de Meuron, Forum La Caixa, Madrid, 2008"
,"Herzog & de Meuron, Forum La Caixa, Madrid, 2008","https://onlinelibrary.wiley.com/action/doSearch?field1=Keyword&text1=Herzog%20&%20de%20Meuron,%20Forum%20La%20Caixa,%20Madrid,%202008","Neo‐Modernism"
,"Herzog & de Meuron, Forum La Caixa, Madrid, 2008","https://onlinelibrary.wiley.com/action/doSearch?field1=Keyword&text1=Herzog%20&%20de%20Meuron,%20Forum%20La%20Caixa,%20Madrid,%202008","Robert Venturi"
,"Herzog & de Meuron, Forum La Caixa, Madrid, 2008","https://onlinelibrary.wiley.com/action/doSearch?field1=Keyword&text1=Herzog%20&%20de%20Meuron,%20Forum%20La%20Caixa,%20Madrid,%202008","Philip Johnson"
,"Herzog & de Meuron, Forum La Caixa, Madrid, 2008","https://onlinelibrary.wiley.com/action/doSearch?field1=Keyword&text1=Herzog%20&%20de%20Meuron,%20Forum%20La%20Caixa,%20Madrid,%202008","Disney Corporation"
,"Herzog & de Meuron, Forum La Caixa, Madrid, 2008","https://onlinelibrary.wiley.com/action/doSearch?field1=Keyword&text1=Herzog%20&%20de%20Meuron,%20Forum%20La%20Caixa,%20Madrid,%202008","The Language of Post‐Modern Architecture"
,"Herzog & de Meuron, Forum La Caixa, Madrid, 2008","https://onlinelibrary.wiley.com/action/doSearch?field1=Keyword&text1=Herzog%20&%20de%20Meuron,%20Forum%20La%20Caixa,%20Madrid,%202008","Kester Rattenbury"
,"Herzog & de Meuron, Forum La Caixa, Madrid, 2008","https://onlinelibrary.wiley.com/action/doSearch?field1=Keyword&text1=Herzog%20&%20de%20Meuron,%20Forum%20La%20Caixa,%20Madrid,%202008","Peter Zumthor"
,"Herzog & de Meuron, Forum La Caixa, Madrid, 2008","https://onlinelibrary.wiley.com/action/doSearch?field1=Keyword&text1=Herzog%20&%20de%20Meuron,%20Forum%20La%20Caixa,%20Madrid,%202008","Peter Eisenman"
,"Herzog & de Meuron, Forum La Caixa, Madrid, 2008","https://onlinelibrary.wiley.com/action/doSearch?field1=Keyword&text1=Herzog%20&%20de%20Meuron,%20Forum%20La%20Caixa,%20Madrid,%202008","Rem Koolhaas"
,"Herzog & de Meuron, Forum La Caixa, Madrid, 2008","https://onlinelibrary.wiley.com/action/doSearch?field1=Keyword&text1=Herzog%20&%20de%20Meuron,%20Forum%20La%20Caixa,%20Madrid,%202008","Communication"
,"Herzog & de Meuron, Forum La Caixa, Madrid, 2008","https://onlinelibrary.wiley.com/action/doSearch?field1=Keyword&text1=Herzog%20&%20de%20Meuron,%20Forum%20La%20Caixa,%20Madrid,%202008","Radical Post‐Modernism (RPM)"
,"Herzog & de Meuron, Forum La Caixa, Madrid, 2008","https://onlinelibrary.wiley.com/action/doSearch?field1=Keyword&text1=Herzog%20&%20de%20Meuron,%20Forum%20La%20Caixa,%20Madrid,%202008","Minoru Takeyama"
,"Herzog & de Meuron, Forum La Caixa, Madrid, 2008","https://onlinelibrary.wiley.com/action/doSearch?field1=Keyword&text1=Herzog%20&%20de%20Meuron,%20Forum%20La%20Caixa,%20Madrid,%202008","James Stirling"
,"Herzog & de Meuron, Forum La Caixa, Madrid, 2008","https://onlinelibrary.wiley.com/action/doSearch?field1=Keyword&text1=Herzog%20&%20de%20Meuron,%20Forum%20La%20Caixa,%20Madrid,%202008","Frank Gehry"
,"Herzog & de Meuron, Forum La Caixa, Madrid, 2008","https://onlinelibrary.wiley.com/action/doSearch?field1=Keyword&text1=Herzog%20&%20de%20Meuron,%20Forum%20La%20Caixa,%20Madrid,%202008","the Pinnacle"
,"Herzog & de Meuron, Forum La Caixa, Madrid, 2008","https://onlinelibrary.wiley.com/action/doSearch?field1=Keyword&text1=Herzog%20&%20de%20Meuron,%20Forum%20La%20Caixa,%20Madrid,%202008","the Shard"
,"Herzog & de Meuron, Forum La Caixa, Madrid, 2008","https://onlinelibrary.wiley.com/action/doSearch?field1=Keyword&text1=Herzog%20&%20de%20Meuron,%20Forum%20La%20Caixa,%20Madrid,%202008","the Walkie Talkie"
,"Herzog & de Meuron, Forum La Caixa, Madrid, 2008","https://onlinelibrary.wiley.com/action/doSearch?field1=Keyword&text1=Herzog%20&%20de%20Meuron,%20Forum%20La%20Caixa,%20Madrid,%202008","the Cheesegrater"
,"Herzog & de Meuron, Forum La Caixa, Madrid, 2008","https://onlinelibrary.wiley.com/action/doSearch?field1=Keyword&text1=Herzog%20&%20de%20Meuron,%20Forum%20La%20Caixa,%20Madrid,%202008","formal tropes"
,"Herzog & de Meuron, Forum La Caixa, Madrid, 2008","https://onlinelibrary.wiley.com/action/doSearch?field1=Keyword&text1=Herzog%20&%20de%20Meuron,%20Forum%20La%20Caixa,%20Madrid,%202008","Cecil Balmond"
,"Herzog & de Meuron, Forum La Caixa, Madrid, 2008","https://onlinelibrary.wiley.com/action/doSearch?field1=Keyword&text1=Herzog%20&%20de%20Meuron,%20Forum%20La%20Caixa,%20Madrid,%202008","Social content"
,"Herzog & de Meuron, Forum La Caixa, Madrid, 2008","https://onlinelibrary.wiley.com/action/doSearch?field1=Keyword&text1=Herzog%20&%20de%20Meuron,%20Forum%20La%20Caixa,%20Madrid,%202008","FAT, Islington Square, New Islington, Manchester, 2006"
,"Herzog & de Meuron, Forum La Caixa, Madrid, 2008","https://onlinelibrary.wiley.com/action/doSearch?field1=Keyword&text1=Herzog%20&%20de%20Meuron,%20Forum%20La%20Caixa,%20Madrid,%202008","David Chipperfield, Neues Museum, Berlin, 2009"
,"Herzog & de Meuron, Forum La Caixa, Madrid, 2008","https://onlinelibrary.wiley.com/action/doSearch?field1=Keyword&text1=Herzog%20&%20de%20Meuron,%20Forum%20La%20Caixa,%20Madrid,%202008","Bucky Fuller"
,"Herzog & de Meuron, Forum La Caixa, Madrid, 2008","https://onlinelibrary.wiley.com/action/doSearch?field1=Keyword&text1=Herzog%20&%20de%20Meuron,%20Forum%20La%20Caixa,%20Madrid,%202008","Anthony Blunt"
,"Herzog & de Meuron, Forum La Caixa, Madrid, 2008","https://onlinelibrary.wiley.com/action/doSearch?field1=Keyword&text1=Herzog%20&%20de%20Meuron,%20Forum%20La%20Caixa,%20Madrid,%202008","Norman Foster"
,"Herzog & de Meuron, Forum La Caixa, Madrid, 2008","https://onlinelibrary.wiley.com/action/doSearch?field1=Keyword&text1=Herzog%20&%20de%20Meuron,%20Forum%20La%20Caixa,%20Madrid,%202008","Swiss Re"
,"Herzog & de Meuron, Forum La Caixa, Madrid, 2008","https://onlinelibrary.wiley.com/action/doSearch?field1=Keyword&text1=Herzog%20&%20de%20Meuron,%20Forum%20La%20Caixa,%20Madrid,%202008","Sage music centre"
,"Herzog & de Meuron, Forum La Caixa, Madrid, 2008","https://onlinelibrary.wiley.com/action/doSearch?field1=Keyword&text1=Herzog%20&%20de%20Meuron,%20Forum%20La%20Caixa,%20Madrid,%202008","Sheikh al Zayed National Museum in Abu Dhabi"
,"Herzog & de Meuron, Forum La Caixa, Madrid, 2008","https://onlinelibrary.wiley.com/action/doSearch?field1=Keyword&text1=Herzog%20&%20de%20Meuron,%20Forum%20La%20Caixa,%20Madrid,%202008","Reichstag in Berlin"
,"Herzog & de Meuron, Forum La Caixa, Madrid, 2008","https://onlinelibrary.wiley.com/action/doSearch?field1=Keyword&text1=Herzog%20&%20de%20Meuron,%20Forum%20La%20Caixa,%20Madrid,%202008","Banksy"
,"Herzog & de Meuron, Forum La Caixa, Madrid, 2008","https://onlinelibrary.wiley.com/action/doSearch?field1=Keyword&text1=Herzog%20&%20de%20Meuron,%20Forum%20La%20Caixa,%20Madrid,%202008","Jeff Koons"
,"Herzog & de Meuron, Forum La Caixa, Madrid, 2008","https://onlinelibrary.wiley.com/action/doSearch?field1=Keyword&text1=Herzog%20&%20de%20Meuron,%20Forum%20La%20Caixa,%20Madrid,%202008","John Summerson"
,"Herzog & de Meuron, Forum La Caixa, Madrid, 2008","https://onlinelibrary.wiley.com/action/doSearch?field1=Keyword&text1=Herzog%20&%20de%20Meuron,%20Forum%20La%20Caixa,%20Madrid,%202008","Dan Graham"
,"Herzog & de Meuron, Forum La Caixa, Madrid, 2008","https://onlinelibrary.wiley.com/action/doSearch?field1=Keyword&text1=Herzog%20&%20de%20Meuron,%20Forum%20La%20Caixa,%20Madrid,%202008","Richard Rogers"
,"Herzog & de Meuron, Forum La Caixa, Madrid, 2008","https://onlinelibrary.wiley.com/action/doSearch?field1=Keyword&text1=Herzog%20&%20de%20Meuron,%20Forum%20La%20Caixa,%20Madrid,%202008","Nicholas Grimshaw"
,"Herzog & de Meuron, Forum La Caixa, Madrid, 2008","https://onlinelibrary.wiley.com/action/doSearch?field1=Keyword&text1=Herzog%20&%20de%20Meuron,%20Forum%20La%20Caixa,%20Madrid,%202008","David Harvey"
,"Herzog & de Meuron, Forum La Caixa, Madrid, 2008","https://onlinelibrary.wiley.com/action/doSearch?field1=Keyword&text1=Herzog%20&%20de%20Meuron,%20Forum%20La%20Caixa,%20Madrid,%202008","Deconstructivism"
,"Herzog & de Meuron, Forum La Caixa, Madrid, 2008","https://onlinelibrary.wiley.com/action/doSearch?field1=Keyword&text1=Herzog%20&%20de%20Meuron,%20Forum%20La%20Caixa,%20Madrid,%202008","Minimalism"
,"Herzog & de Meuron, Forum La Caixa, Madrid, 2008","https://onlinelibrary.wiley.com/action/doSearch?field1=Keyword&text1=Herzog%20&%20de%20Meuron,%20Forum%20La%20Caixa,%20Madrid,%202008","‘digital Baroque’"
,"Herzog & de Meuron, Forum La Caixa, Madrid, 2008","https://onlinelibrary.wiley.com/action/doSearch?field1=Keyword&text1=Herzog%20&%20de%20Meuron,%20Forum%20La%20Caixa,%20Madrid,%202008","Gage Clemenceau"
,"Herzog & de Meuron, Forum La Caixa, Madrid, 2008","https://onlinelibrary.wiley.com/action/doSearch?field1=Keyword&text1=Herzog%20&%20de%20Meuron,%20Forum%20La%20Caixa,%20Madrid,%202008","Evan Douglis"
,"Herzog & de Meuron, Forum La Caixa, Madrid, 2008","https://onlinelibrary.wiley.com/action/doSearch?field1=Keyword&text1=Herzog%20&%20de%20Meuron,%20Forum%20La%20Caixa,%20Madrid,%202008","‘entertainment architecture’"
,"Herzog & de Meuron, Forum La Caixa, Madrid, 2008","https://onlinelibrary.wiley.com/action/doSearch?field1=Keyword&text1=Herzog%20&%20de%20Meuron,%20Forum%20La%20Caixa,%20Madrid,%202008","Whatever Happened to Modernism?"
,"Herzog & de Meuron, Forum La Caixa, Madrid, 2008","https://onlinelibrary.wiley.com/action/doSearch?field1=Keyword&text1=Herzog%20&%20de%20Meuron,%20Forum%20La%20Caixa,%20Madrid,%202008","Gabriel Josipovici"
,"Herzog & de Meuron, Forum La Caixa, Madrid, 2008","https://onlinelibrary.wiley.com/action/doSearch?field1=Keyword&text1=Herzog%20&%20de%20Meuron,%20Forum%20La%20Caixa,%20Madrid,%202008","Clement Greenberg"
,"Herzog & de Meuron, Forum La Caixa, Madrid, 2008","https://onlinelibrary.wiley.com/action/doSearch?field1=Keyword&text1=Herzog%20&%20de%20Meuron,%20Forum%20La%20Caixa,%20Madrid,%202008","Don Quixote"
,"Herzog & de Meuron, Forum La Caixa, Madrid, 2008","https://onlinelibrary.wiley.com/action/doSearch?field1=Keyword&text1=Herzog%20&%20de%20Meuron,%20Forum%20La%20Caixa,%20Madrid,%202008","Caruso St John, Nottingham Contemporary Arts Centre, Nottingham, 2009"
,"Herzog & de Meuron, Forum La Caixa, Madrid, 2008","https://onlinelibrary.wiley.com/action/doSearch?field1=Keyword&text1=Herzog%20&%20de%20Meuron,%20Forum%20La%20Caixa,%20Madrid,%202008","The Brunel Rooms nightclub, Swindon, 1955"
,"Herzog & de Meuron, Forum La Caixa, Madrid, 2008","https://onlinelibrary.wiley.com/action/doSearch?field1=Keyword&text1=Herzog%20&%20de%20Meuron,%20Forum%20La%20Caixa,%20Madrid,%202008","Pablo Picasso, Guitar, 1913"
,"Herzog & de Meuron, Forum La Caixa, Madrid, 2008","https://onlinelibrary.wiley.com/action/doSearch?field1=Keyword&text1=Herzog%20&%20de%20Meuron,%20Forum%20La%20Caixa,%20Madrid,%202008","Richard Hamilton, Interior II, 1964"
,"Herzog & de Meuron, Forum La Caixa, Madrid, 2008","https://onlinelibrary.wiley.com/action/doSearch?field1=Keyword&text1=Herzog%20&%20de%20Meuron,%20Forum%20La%20Caixa,%20Madrid,%202008","Jean‐François Lyotard"
,"Herzog & de Meuron, Forum La Caixa, Madrid, 2008","https://onlinelibrary.wiley.com/action/doSearch?field1=Keyword&text1=Herzog%20&%20de%20Meuron,%20Forum%20La%20Caixa,%20Madrid,%202008","Fredric Jameson"
,"Herzog & de Meuron, Forum La Caixa, Madrid, 2008","https://onlinelibrary.wiley.com/action/doSearch?field1=Keyword&text1=Herzog%20&%20de%20Meuron,%20Forum%20La%20Caixa,%20Madrid,%202008","Edward Soja"
,"Herzog & de Meuron, Forum La Caixa, Madrid, 2008","https://onlinelibrary.wiley.com/action/doSearch?field1=Keyword&text1=Herzog%20&%20de%20Meuron,%20Forum%20La%20Caixa,%20Madrid,%202008","Hild und K"
,"Herzog & de Meuron, Forum La Caixa, Madrid, 2008","https://onlinelibrary.wiley.com/action/doSearch?field1=Keyword&text1=Herzog%20&%20de%20Meuron,%20Forum%20La%20Caixa,%20Madrid,%202008","Atelier Bow‐Wow"
,"Herzog & de Meuron, Forum La Caixa, Madrid, 2008","https://onlinelibrary.wiley.com/action/doSearch?field1=Keyword&text1=Herzog%20&%20de%20Meuron,%20Forum%20La%20Caixa,%20Madrid,%202008","Edouard François"
,"Herzog & de Meuron, Forum La Caixa, Madrid, 2008","https://onlinelibrary.wiley.com/action/doSearch?field1=Keyword&text1=Herzog%20&%20de%20Meuron,%20Forum%20La%20Caixa,%20Madrid,%202008","Reinhold Martin"
,"Herzog & de Meuron, Forum La Caixa, Madrid, 2008","https://onlinelibrary.wiley.com/action/doSearch?field1=Keyword&text1=Herzog%20&%20de%20Meuron,%20Forum%20La%20Caixa,%20Madrid,%202008","Denise Scott Brown"
,"Herzog & de Meuron, Forum La Caixa, Madrid, 2008","https://onlinelibrary.wiley.com/action/doSearch?field1=Keyword&text1=Herzog%20&%20de%20Meuron,%20Forum%20La%20Caixa,%20Madrid,%202008","Charles Moore and William Turnbull (MLTW) Kresge College, University of California, Santa Cruz"
,"Herzog & de Meuron, Forum La Caixa, Madrid, 2008","https://onlinelibrary.wiley.com/action/doSearch?field1=Keyword&text1=Herzog%20&%20de%20Meuron,%20Forum%20La%20Caixa,%20Madrid,%202008","California, 1974"
,"Herzog & de Meuron, Forum La Caixa, Madrid, 2008","https://onlinelibrary.wiley.com/action/doSearch?field1=Keyword&text1=Herzog%20&%20de%20Meuron,%20Forum%20La%20Caixa,%20Madrid,%202008","Hans Hollein"
,"Herzog & de Meuron, Forum La Caixa, Madrid, 2008","https://onlinelibrary.wiley.com/action/doSearch?field1=Keyword&text1=Herzog%20&%20de%20Meuron,%20Forum%20La%20Caixa,%20Madrid,%202008","Charles Jencks"
,"Herzog & de Meuron, Forum La Caixa, Madrid, 2008","https://onlinelibrary.wiley.com/action/doSearch?field1=Keyword&text1=Herzog%20&%20de%20Meuron,%20Forum%20La%20Caixa,%20Madrid,%202008","Sam Jacob"
,"Herzog & de Meuron, Forum La Caixa, Madrid, 2008","https://onlinelibrary.wiley.com/action/doSearch?field1=Keyword&text1=Herzog%20&%20de%20Meuron,%20Forum%20La%20Caixa,%20Madrid,%202008","Sean Griffiths"
,"Herzog & de Meuron, Forum La Caixa, Madrid, 2008","https://onlinelibrary.wiley.com/action/doSearch?field1=Keyword&text1=Herzog%20&%20de%20Meuron,%20Forum%20La%20Caixa,%20Madrid,%202008","Léa‐Catherine Szacka"
,"Herzog & de Meuron, Forum La Caixa, Madrid, 2008","https://onlinelibrary.wiley.com/action/doSearch?field1=Keyword&text1=Herzog%20&%20de%20Meuron,%20Forum%20La%20Caixa,%20Madrid,%202008","1980 Venice Biennale"
,"Herzog & de Meuron, Forum La Caixa, Madrid, 2008","https://onlinelibrary.wiley.com/action/doSearch?field1=Keyword&text1=Herzog%20&%20de%20Meuron,%20Forum%20La%20Caixa,%20Madrid,%202008","National Gallery Sainsbury Wing"
,"Herzog & de Meuron, Forum La Caixa, Madrid, 2008","https://onlinelibrary.wiley.com/action/doSearch?field1=Keyword&text1=Herzog%20&%20de%20Meuron,%20Forum%20La%20Caixa,%20Madrid,%202008","Eva Branscome"
,"Herzog & de Meuron, Forum La Caixa, Madrid, 2008","https://onlinelibrary.wiley.com/action/doSearch?field1=Keyword&text1=Herzog%20&%20de%20Meuron,%20Forum%20La%20Caixa,%20Madrid,%202008","graffiti"
,"Antoine Picon","https://onlinelibrary.wiley.com/action/doSearch?field1=Keyword&text1=Antoine%20Picon","Fdecomite, Laughing Cow Inverted"
,"Antoine Picon","https://onlinelibrary.wiley.com/action/doSearch?field1=Keyword&text1=Antoine%20Picon","Antoine Picon"
,"Antoine Picon","https://onlinelibrary.wiley.com/action/doSearch?field1=Keyword&text1=Antoine%20Picon","Third Stellation of Cuboctahedron"
,"Antoine Picon","https://onlinelibrary.wiley.com/action/doSearch?field1=Keyword&text1=Antoine%20Picon","Amy Dahan‐Dalmedico"
,"Antoine Picon","https://onlinelibrary.wiley.com/action/doSearch?field1=Keyword&text1=Antoine%20Picon","Jean‐Victor Poncelet's 1822 Principle of Duality"
,"Antoine Picon","https://onlinelibrary.wiley.com/action/doSearch?field1=Keyword&text1=Antoine%20Picon","Dennis R Shelden"
,"Antoine Picon","https://onlinelibrary.wiley.com/action/doSearch?field1=Keyword&text1=Antoine%20Picon","Andrew Witt"
,"Antoine Picon","https://onlinelibrary.wiley.com/action/doSearch?field1=Keyword&text1=Antoine%20Picon","Bernard Cache"
,"Antoine Picon","https://onlinelibrary.wiley.com/action/doSearch?field1=Keyword&text1=Antoine%20Picon","Girard Desargues"
,"Antoine Picon","https://onlinelibrary.wiley.com/action/doSearch?field1=Keyword&text1=Antoine%20Picon","Gottfried Leibniz"
,"Antoine Picon","https://onlinelibrary.wiley.com/action/doSearch?field1=Keyword&text1=Antoine%20Picon","Martha Tsigkari"
,"Antoine Picon","https://onlinelibrary.wiley.com/action/doSearch?field1=Keyword&text1=Antoine%20Picon","Adam Davis"
,"Antoine Picon","https://onlinelibrary.wiley.com/action/doSearch?field1=Keyword&text1=Antoine%20Picon","Francis Aish"
,"Antoine Picon","https://onlinelibrary.wiley.com/action/doSearch?field1=Keyword&text1=Antoine%20Picon","Foster + Partners' Specialist Modelling Group"
,"Antoine Picon","https://onlinelibrary.wiley.com/action/doSearch?field1=Keyword&text1=Antoine%20Picon","‘invisible’ mathematics"
,"Antoine Picon","https://onlinelibrary.wiley.com/action/doSearch?field1=Keyword&text1=Antoine%20Picon","Swiss Re Building"
,"Antoine Picon","https://onlinelibrary.wiley.com/action/doSearch?field1=Keyword&text1=Antoine%20Picon","Philippe Morel's Universal House"
,"Antoine Picon","https://onlinelibrary.wiley.com/action/doSearch?field1=Keyword&text1=Antoine%20Picon","Andrea Palladio"
,"Antoine Picon","https://onlinelibrary.wiley.com/action/doSearch?field1=Keyword&text1=Antoine%20Picon","Mark Burry"
,"Antoine Picon","https://onlinelibrary.wiley.com/action/doSearch?field1=Keyword&text1=Antoine%20Picon","Antoni Gaudí"
,"Antoine Picon","https://onlinelibrary.wiley.com/action/doSearch?field1=Keyword&text1=Antoine%20Picon","Félix Candela"
,"Antoine Picon","https://onlinelibrary.wiley.com/action/doSearch?field1=Keyword&text1=Antoine%20Picon","analytic geometry"
,"Antoine Picon","https://onlinelibrary.wiley.com/action/doSearch?field1=Keyword&text1=Antoine%20Picon","Fabian Scheurer"
,"Antoine Picon","https://onlinelibrary.wiley.com/action/doSearch?field1=Keyword&text1=Antoine%20Picon","Hanno Stehling"
,"Antoine Picon","https://onlinelibrary.wiley.com/action/doSearch?field1=Keyword&text1=Antoine%20Picon","Omar Al Omari, Superficial Thickness 1, Diploma Unit 5 (Learning Japanese), Architectural Association"
,"Antoine Picon","https://onlinelibrary.wiley.com/action/doSearch?field1=Keyword&text1=Antoine%20Picon","interdependence"
,"Antoine Picon","https://onlinelibrary.wiley.com/action/doSearch?field1=Keyword&text1=Antoine%20Picon","exceptional non‐Euclidean configurations"
,"Antoine Picon","https://onlinelibrary.wiley.com/action/doSearch?field1=Keyword&text1=Antoine%20Picon","Felix Klein"
,"Antoine Picon","https://onlinelibrary.wiley.com/action/doSearch?field1=Keyword&text1=Antoine%20Picon","David Hilbert"
,"Antoine Picon","https://onlinelibrary.wiley.com/action/doSearch?field1=Keyword&text1=Antoine%20Picon","Ema Bonifacic, Suk‐Kyu Hong and Jung Kim, Degenerate Weave, Diploma Unit 5 (Engineering the Immaterial)"
,"Antoine Picon","https://onlinelibrary.wiley.com/action/doSearch?field1=Keyword&text1=Antoine%20Picon","Daniel Bosia's Advanced Geometry Unit (AGU)"
,"Antoine Picon","https://onlinelibrary.wiley.com/action/doSearch?field1=Keyword&text1=Antoine%20Picon","Arup"
,"Antoine Picon","https://onlinelibrary.wiley.com/action/doSearch?field1=Keyword&text1=Antoine%20Picon","Michael Weinstock"
,"Antoine Picon","https://onlinelibrary.wiley.com/action/doSearch?field1=Keyword&text1=Antoine%20Picon","designtoproduction"
,"Antoine Picon","https://onlinelibrary.wiley.com/action/doSearch?field1=Keyword&text1=Antoine%20Picon","Shigeru Ban"
,"Antoine Picon","https://onlinelibrary.wiley.com/action/doSearch?field1=Keyword&text1=Antoine%20Picon","projective geometry"
,"Antoine Picon","https://onlinelibrary.wiley.com/action/doSearch?field1=Keyword&text1=Antoine%20Picon","chaotic/probabilistic algorithms"
,"Antoine Picon","https://onlinelibrary.wiley.com/action/doSearch?field1=Keyword&text1=Antoine%20Picon","Adams Kara Taylor (AKT)"
,"Antoine Picon","https://onlinelibrary.wiley.com/action/doSearch?field1=Keyword&text1=Antoine%20Picon","Panagiotis Michalatos"
,"Antoine Picon","https://onlinelibrary.wiley.com/action/doSearch?field1=Keyword&text1=Antoine%20Picon","Sawako Kaijima"
,"Antoine Picon","https://onlinelibrary.wiley.com/action/doSearch?field1=Keyword&text1=Antoine%20Picon","parametric analytic equations"
,"Antoine Picon","https://onlinelibrary.wiley.com/action/doSearch?field1=Keyword&text1=Antoine%20Picon","Max Kahlen"
,"Antoine Picon","https://onlinelibrary.wiley.com/action/doSearch?field1=Keyword&text1=Antoine%20Picon","Rising Masses project"
,"Antoine Picon","https://onlinelibrary.wiley.com/action/doSearch?field1=Keyword&text1=Antoine%20Picon","Ana María Flor Ortiz and Rodia Valladares Sànchez"
,"Antoine Picon","https://onlinelibrary.wiley.com/action/doSearch?field1=Keyword&text1=Antoine%20Picon","The Hinging Tower"
,"Antoine Picon","https://onlinelibrary.wiley.com/action/doSearch?field1=Keyword&text1=Antoine%20Picon","Harvard University's Graduate School of Design"
,"Antoine Picon","https://onlinelibrary.wiley.com/action/doSearch?field1=Keyword&text1=Antoine%20Picon","Fourier summations"
,"Herzog & de Meuron, Forum La Caixa, Madrid, 2008","https://onlinelibrary.wiley.com/action/doSearch?field1=Keyword&text1=Herzog%20&%20de%20Meuron,%20Forum%20La%20Caixa,%20Madrid,%202008","Norman Foster"
,"Herzog & de Meuron, Forum La Caixa, Madrid, 2008","https://onlinelibrary.wiley.com/action/doSearch?field1=Keyword&text1=Herzog%20&%20de%20Meuron,%20Forum%20La%20Caixa,%20Madrid,%202008","Neo‐Modernism"
,"Herzog & de Meuron, Forum La Caixa, Madrid, 2008","https://onlinelibrary.wiley.com/action/doSearch?field1=Keyword&text1=Herzog%20&%20de%20Meuron,%20Forum%20La%20Caixa,%20Madrid,%202008","Disney Corporation"
,"Herzog & de Meuron, Forum La Caixa, Madrid, 2008","https://onlinelibrary.wiley.com/action/doSearch?field1=Keyword&text1=Herzog%20&%20de%20Meuron,%20Forum%20La%20Caixa,%20Madrid,%202008","David Harvey"
,"Herzog & de Meuron, Forum La Caixa, Madrid, 2008","https://onlinelibrary.wiley.com/action/doSearch?field1=Keyword&text1=Herzog%20&%20de%20Meuron,%20Forum%20La%20Caixa,%20Madrid,%202008","Robert Venturi"
,"Herzog & de Meuron, Forum La Caixa, Madrid, 2008","https://onlinelibrary.wiley.com/action/doSearch?field1=Keyword&text1=Herzog%20&%20de%20Meuron,%20Forum%20La%20Caixa,%20Madrid,%202008","James Stirling"
,"Herzog & de Meuron, Forum La Caixa, Madrid, 2008","https://onlinelibrary.wiley.com/action/doSearch?field1=Keyword&text1=Herzog%20&%20de%20Meuron,%20Forum%20La%20Caixa,%20Madrid,%202008","Rem Koolhaas"
,"Herzog & de Meuron, Forum La Caixa, Madrid, 2008","https://onlinelibrary.wiley.com/action/doSearch?field1=Keyword&text1=Herzog%20&%20de%20Meuron,%20Forum%20La%20Caixa,%20Madrid,%202008","Kester Rattenbury"
